{
  "network_file": "spatial_network_distance.gpickle",
  "creation_date": "2025-11-07 10:33:19",
  "num_nodes": 99,
  "num_edges": 165,
  "density": 0.034013605442176874,
  "average_degree": 3.3333333333333335,
  "max_degree": 5,
  "min_degree": 0,
  "is_connected": false,
  "num_components": 12,
  "average_clustering": 0.6528619528619528,
  "diameter_largest_component": 9,
  "avg_shortest_path_length_largest": 3.56140350877193,
  "largest_component_size": 19,
  "avg_edge_distance_km": 3.1036183225433693,
  "max_edge_distance_km": 4.84348275603905,
  "min_edge_distance_km": 1.1433668379237245e-12
}